requirement_id,code_id
SMOS1,User.java.java
SMOS1,Role.java
SMOS1,UserListItem.java
SMOS1,managerUser.java
SMOS1,ServletLogin.java
SMOS1,ServletLogout.java
SMOS1,ServletAlterPersonalDate.java
SMOS10,User.java
SMOS10,Role.java
SMOS10,UserListItem.java
SMOS10,managerUser.java
SMOS10,ServletShowUserTeachingForm.java
SMOS10,ServletRemoveStudentClassroom.java
SMOS10,ServletShowTeacherTeachingFormByClass.java
SMOS10,ServletShowUserRoleForm.java
SMOS10,ServletAddTeachingAsTeacher.java
SMOS10,ServletAssignParentStudent.java
SMOS10,ServletAssignRole.java
SMOS10,ServletInsertUser.java
SMOS10,ServletRemoveTeachingAsTeacher.java
SMOS10,ServletAssignStudentClassroom.java
SMOS10,ServletDeleteUser.java
SMOS10,ServletReportTeachings.java
SMOS10,ServletUpdateUser.java
SMOS10,ServletShowUserList.java
SMOS10,ServletShowUserDetails.java
SMOS11,User.java
SMOS11,Role.java
SMOS11,UserListItem.java
SMOS11,managerUser.java
SMOS11,ServletShowUserTeachingForm.java
SMOS11,ServletRemoveStudentClassroom.java
SMOS11,ServletShowTeacherTeachingFormByClass.java
SMOS11,ServletShowUserRoleForm.java
SMOS11,ServletAddTeachingAsTeacher.java
SMOS11,ServletAssignParentStudent.java
SMOS11,ServletAssignRole.java
SMOS11,ServletInsertUser.java
SMOS11,ServletRemoveTeachingAsTeacher.java
SMOS11,ServletAssignStudentClassroom.java
SMOS11,ServletDeleteUser.java
SMOS11,ServletReportTeachings.java
SMOS11,ServletUpdateUser.java
SMOS11,ServletShowUserList.java
SMOS11,ServletShowUserDetails.java
SMOS12,User.java
SMOS12,Role.java
SMOS12,UserListItem.java
SMOS12,managerUser.java
SMOS12,ServletShowUserTeachingForm.java
SMOS12,ServletRemoveStudentClassroom.java
SMOS12,ServletShowTeacherTeachingFormByClass.java
SMOS12,ServletShowUserRoleForm.java
SMOS12,ServletAddTeachingAsTeacher.java
SMOS12,ServletAssignParentStudent.java
SMOS12,ServletAssignRole.java
SMOS12,ServletInsertUser.java
SMOS12,ServletRemoveTeachingAsTeacher.java
SMOS12,ServletAssignStudentClassroom.java
SMOS12,ServletDeleteUser.java
SMOS12,ServletReportTeachings.java
SMOS12,ServletUpdateUser.java
SMOS12,ServletShowUserList.java
SMOS12,ServletShowUserDetails.java
SMOS13,User.java
SMOS13,Role.java
SMOS13,UserListItem.java
SMOS13,managerUser.java
SMOS13,ServletShowUserTeachingForm.java
SMOS13,ServletRemoveStudentClassroom.java
SMOS13,ServletShowTeacherTeachingFormByClass.java
SMOS13,ServletShowUserRoleForm.java
SMOS13,ServletAddTeachingAsTeacher.java
SMOS13,ServletAssignParentStudent.java
SMOS13,ServletAssignRole.java
SMOS13,ServletInsertUser.java
SMOS13,ServletRemoveTeachingAsTeacher.java
SMOS13,ServletAssignStudentClassroom.java
SMOS13,ServletDeleteUser.java
SMOS13,ServletReportTeachings.java
SMOS13,ServletUpdateUser.java
SMOS13,ServletShowUserList.java
SMOS13,ServletShowUserDetails.java
SMOS14,Classroom.java
SMOS14,Teaching.java
SMOS14,Address.java
SMOS14,ManagerClassroom.java
SMOS14,ManagerTeaching.java
SMOS14,ManagerAddress.java
SMOS14,ServletShowAddressDetails.java
SMOS14,ServletShowAddressList.java
SMOS14,ServletAddRemoveTeachingsAsAddress.java
SMOS14,ServletAddressTeachings.java
SMOS14,ServletInsertAddress.java
SMOS14,ServletDeleteAddress.java
SMOS14,ServletShowClassroomDetails.java
SMOS14,ServletShowClassroomList.java
SMOS14,ServletInsertClassroom.java
SMOS14,ServletDeleteClassroom.java
SMOS14,ServletShowTeachingDetails.java
SMOS14,ServletInsertTeaching.java
SMOS14,ServletUpdateTeaching.java
SMOS14,ServletDeleteTeaching.java
SMOS15,Classroom.java
SMOS15,Teaching.java
SMOS15,Address.java
SMOS15,ManagerClassroom.java
SMOS15,ManagerTeaching.java
SMOS15,ManagerAddress.java
SMOS15,ServletShowAddressDetails.java
SMOS15,ServletShowAddressList.java
SMOS15,ServletAddRemoveTeachingsAsAddress.java
SMOS15,ServletAddressTeachings.java
SMOS15,ServletInsertAddress.java
SMOS15,ServletDeleteAddress.java
SMOS15,ServletShowClassroomDetails.java
SMOS15,ServletShowClassroomList.java
SMOS15,ServletInsertClassroom.java
SMOS15,ServletDeleteClassroom.java
SMOS15,ServletShowTeachingDetails.java
SMOS15,ServletInsertTeaching.java
SMOS15,ServletUpdateTeaching.java
SMOS15,ServletDeleteTeaching.java
SMOS16,Classroom.java
SMOS16,Teaching.java
SMOS16,Address.java
SMOS16,ManagerClassroom.java
SMOS16,ManagerTeaching.java
SMOS16,ManagerAddress.java
SMOS16,ServletShowAddressDetails.java
SMOS16,ServletShowAddressList.java
SMOS16,ServletAddRemoveTeachingsAsAddress.java
SMOS16,ServletAddressTeachings.java
SMOS16,ServletInsertAddress.java
SMOS16,ServletDeleteAddress.java
SMOS16,ServletShowClassroomDetails.java
SMOS16,ServletShowClassroomList.java
SMOS16,ServletInsertClassroom.java
SMOS16,ServletDeleteClassroom.java
SMOS16,ServletShowTeachingDetails.java
SMOS16,ServletInsertTeaching.java
SMOS16,ServletUpdateTeaching.java
SMOS16,ServletDeleteTeaching.java
SMOS17,Classroom.java
SMOS17,Teaching.java
SMOS17,Address.java
SMOS17,ManagerClassroom.java
SMOS17,ManagerTeaching.java
SMOS17,ManagerAddress.java
SMOS17,ServletShowAddressDetails.java
SMOS17,ServletShowAddressList.java
SMOS17,ServletAddRemoveTeachingsAsAddress.java
SMOS17,ServletAddressTeachings.java
SMOS17,ServletInsertAddress.java
SMOS17,ServletDeleteAddress.java
SMOS17,ServletShowClassroomDetails.java
SMOS17,ServletShowClassroomList.java
SMOS17,ServletInsertClassroom.java
SMOS17,ServletDeleteClassroom.java
SMOS17,ServletShowTeachingDetails.java
SMOS17,ServletInsertTeaching.java
SMOS17,ServletUpdateTeaching.java
SMOS17,ServletDeleteTeaching.java
SMOS18,Classroom.java
SMOS18,Teaching.java
SMOS18,Address.java
SMOS18,ManagerClassroom.java
SMOS18,ManagerTeaching.java
SMOS18,ManagerAddress.java
SMOS18,ServletShowAddressDetails.java
SMOS18,ServletShowAddressList.java
SMOS18,ServletAddRemoveTeachingsAsAddress.java
SMOS18,ServletAddressTeachings.java
SMOS18,ServletInsertAddress.java
SMOS18,ServletDeleteAddress.java
SMOS18,ServletShowClassroomDetails.java
SMOS18,ServletShowClassroomList.java
SMOS18,ServletInsertClassroom.java
SMOS18,ServletDeleteClassroom.java
SMOS18,ServletShowTeachingDetails.java
SMOS18,ServletInsertTeaching.java
SMOS18,ServletUpdateTeaching.java
SMOS18,ServletDeleteTeaching.java
SMOS19,Classroom.java
SMOS19,Teaching.java
SMOS19,Address.java
SMOS19,ManagerClassroom.java
SMOS19,ManagerTeaching.java
SMOS19,ManagerAddress.java
SMOS19,ServletShowAddressDetails.java
SMOS19,ServletShowAddressList.java
SMOS19,ServletAddRemoveTeachingsAsAddress.java
SMOS19,ServletAddressTeachings.java
SMOS19,ServletInsertAddress.java
SMOS19,ServletDeleteAddress.java
SMOS19,ServletShowClassroomDetails.java
SMOS19,ServletShowClassroomList.java
SMOS19,ServletInsertClassroom.java
SMOS19,ServletDeleteClassroom.java
SMOS19,ServletShowTeachingDetails.java
SMOS19,ServletInsertTeaching.java
SMOS19,ServletUpdateTeaching.java
SMOS19,ServletDeleteTeaching.java
SMOS2,User.java
SMOS2,Role.java
SMOS2,UserListItem.java
SMOS2,managerUser.java
SMOS2,ServletLogin.java
SMOS2,ServletLogout.java
SMOS2,ServletAlterPersonalDate.java
SMOS20,Classroom.java
SMOS20,Teaching.java
SMOS20,Address.java
SMOS20,ManagerClassroom.java
SMOS20,ManagerTeaching.java
SMOS20,ManagerAddress.java
SMOS20,ServletShowAddressDetails.java
SMOS20,ServletShowAddressList.java
SMOS20,ServletAddRemoveTeachingsAsAddress.java
SMOS20,ServletAddressTeachings.java
SMOS20,ServletInsertAddress.java
SMOS20,ServletDeleteAddress.java
SMOS20,ServletShowClassroomDetails.java
SMOS20,ServletShowClassroomList.java
SMOS20,ServletInsertClassroom.java
SMOS20,ServletDeleteClassroom.java
SMOS20,ServletShowTeachingDetails.java
SMOS20,ServletInsertTeaching.java
SMOS20,ServletUpdateTeaching.java
SMOS20,ServletDeleteTeaching.java
SMOS21,Classroom.java
SMOS21,Teaching.java
SMOS21,Address.java
SMOS21,ManagerClassroom.java
SMOS21,ManagerTeaching.java
SMOS21,ManagerAddress.java
SMOS21,ServletShowAddressDetails.java
SMOS21,ServletShowAddressList.java
SMOS21,ServletAddRemoveTeachingsAsAddress.java
SMOS21,ServletAddressTeachings.java
SMOS21,ServletInsertAddress.java
SMOS21,ServletDeleteAddress.java
SMOS21,ServletShowClassroomDetails.java
SMOS21,ServletShowClassroomList.java
SMOS21,ServletInsertClassroom.java
SMOS21,ServletDeleteClassroom.java
SMOS21,ServletShowTeachingDetails.java
SMOS21,ServletInsertTeaching.java
SMOS21,ServletUpdateTeaching.java
SMOS21,ServletDeleteTeaching.java
SMOS22,Classroom.java
SMOS22,Teaching.java
SMOS22,Address.java
SMOS22,ManagerClassroom.java
SMOS22,ManagerTeaching.java
SMOS22,ManagerAddress.java
SMOS22,ServletShowAddressDetails.java
SMOS22,ServletShowAddressList.java
SMOS22,ServletAddRemoveTeachingsAsAddress.java
SMOS22,ServletAddressTeachings.java
SMOS22,ServletInsertAddress.java
SMOS22,ServletDeleteAddress.java
SMOS22,ServletShowClassroomDetails.java
SMOS22,ServletShowClassroomList.java
SMOS22,ServletInsertClassroom.java
SMOS22,ServletDeleteClassroom.java
SMOS22,ServletShowTeachingDetails.java
SMOS22,ServletInsertTeaching.java
SMOS22,ServletUpdateTeaching.java
SMOS22,ServletDeleteTeaching.java
SMOS23,Classroom.java
SMOS23,Teaching.java
SMOS23,Address.java
SMOS23,ManagerClassroom.java
SMOS23,ManagerTeaching.java
SMOS23,ManagerAddress.java
SMOS23,ServletShowAddressDetails.java
SMOS23,ServletShowAddressList.java
SMOS23,ServletAddRemoveTeachingsAsAddress.java
SMOS23,ServletAddressTeachings.java
SMOS23,ServletInsertAddress.java
SMOS23,ServletDeleteAddress.java
SMOS23,ServletShowClassroomDetails.java
SMOS23,ServletShowClassroomList.java
SMOS23,ServletInsertClassroom.java
SMOS23,ServletDeleteClassroom.java
SMOS23,ServletShowTeachingDetails.java
SMOS23,ServletInsertTeaching.java
SMOS23,ServletUpdateTeaching.java
SMOS23,ServletDeleteTeaching.java
SMOS24,Classroom.java
SMOS24,Teaching.java
SMOS24,Address.java
SMOS24,ManagerClassroom.java
SMOS24,ManagerTeaching.java
SMOS24,ManagerAddress.java
SMOS24,ServletShowAddressDetails.java
SMOS24,ServletShowAddressList.java
SMOS24,ServletAddRemoveTeachingsAsAddress.java
SMOS24,ServletAddressTeachings.java
SMOS24,ServletInsertAddress.java
SMOS24,ServletDeleteAddress.java
SMOS24,ServletShowClassroomDetails.java
SMOS24,ServletShowClassroomList.java
SMOS24,ServletInsertClassroom.java
SMOS24,ServletDeleteClassroom.java
SMOS24,ServletShowTeachingDetails.java
SMOS24,ServletInsertTeaching.java
SMOS24,ServletUpdateTeaching.java
SMOS24,ServletDeleteTeaching.java
SMOS25,Classroom.java
SMOS25,Teaching.java
SMOS25,Address.java
SMOS25,ManagerClassroom.java
SMOS25,ManagerTeaching.java
SMOS25,ManagerAddress.java
SMOS25,ServletShowAddressDetails.java
SMOS25,ServletShowAddressList.java
SMOS25,ServletAddRemoveTeachingsAsAddress.java
SMOS25,ServletAddressTeachings.java
SMOS25,ServletInsertAddress.java
SMOS25,ServletDeleteAddress.java
SMOS25,ServletShowClassroomDetails.java
SMOS25,ServletShowClassroomList.java
SMOS25,ServletInsertClassroom.java
SMOS25,ServletDeleteClassroom.java
SMOS25,ServletShowTeachingDetails.java
SMOS25,ServletInsertTeaching.java
SMOS25,ServletUpdateTeaching.java
SMOS25,ServletDeleteTeaching.java
SMOS26,Classroom.java
SMOS26,Teaching.java
SMOS26,Address.java
SMOS26,ManagerClassroom.java
SMOS26,ManagerTeaching.java
SMOS26,ManagerAddress.java
SMOS26,ServletShowAddressDetails.java
SMOS26,ServletShowAddressList.java
SMOS26,ServletAddRemoveTeachingsAsAddress.java
SMOS26,ServletAddressTeachings.java
SMOS26,ServletInsertAddress.java
SMOS26,ServletDeleteAddress.java
SMOS26,ServletShowClassroomDetails.java
SMOS26,ServletShowClassroomList.java
SMOS26,ServletInsertClassroom.java
SMOS26,ServletDeleteClassroom.java
SMOS26,ServletShowTeachingDetails.java
SMOS26,ServletInsertTeaching.java
SMOS26,ServletUpdateTeaching.java
SMOS26,ServletDeleteTeaching.java
SMOS27,Absence.java
SMOS27,RegisterLine.java
SMOS27,Delay.java
SMOS27,Note.java
SMOS27,Justify.java
SMOS27,ManagerRegister.java
SMOS27,ServletUpdateJustify.java
SMOS27,ServletShowNoteDetails.java
SMOS27,ServletUpdateRegister.java
SMOS27,ServletDeleteJustify.java
SMOS27,ServletDeleteNote.java
SMOS27,ServletShowJustifyList.java
SMOS27,ServletShowJustifyDetails.java
SMOS27,ServletInsertNewNote.java
SMOS27,ServletInsertJustify.java
SMOS27,ServletShowRegister.java
SMOS27,ServletComputateStatistics.java
SMOS28,Absence.java
SMOS28,RegisterLine.java
SMOS28,Delay.java
SMOS28,Note.java
SMOS28,Justify.java
SMOS28,ManagerRegister.java
SMOS28,ServletUpdateJustify.java
SMOS28,ServletShowNoteDetails.java
SMOS28,ServletUpdateRegister.java
SMOS28,ServletDeleteJustify.java
SMOS28,ServletDeleteNote.java
SMOS28,ServletShowJustifyList.java
SMOS28,ServletShowJustifyDetails.java
SMOS28,ServletInsertNewNote.java
SMOS28,ServletInsertJustify.java
SMOS28,ServletShowRegister.java
SMOS28,ServletComputateStatistics.java
SMOS29,Absence.java
SMOS29,RegisterLine.java
SMOS29,Delay.java
SMOS29,Note.java
SMOS29,Justify.java
SMOS29,ManagerRegister.java
SMOS29,ServletUpdateJustify.java
SMOS29,ServletShowNoteDetails.java
SMOS29,ServletUpdateRegister.java
SMOS29,ServletDeleteJustify.java
SMOS29,ServletDeleteNote.java
SMOS29,ServletShowJustifyList.java
SMOS29,ServletShowJustifyDetails.java
SMOS29,ServletInsertNewNote.java
SMOS29,ServletInsertJustify.java
SMOS29,ServletShowRegister.java
SMOS29,ServletComputateStatistics.java
SMOS3,User.java
SMOS3,Role.java
SMOS3,UserListItem.java
SMOS3,managerUser.java
SMOS3,ServletLogin.java
SMOS3,ServletLogout.java
SMOS3,ServletAlterPersonalDate.java
SMOS30,Absence.java
SMOS30,RegisterLine.java
SMOS30,Delay.java
SMOS30,Note.java
SMOS30,Justify.java
SMOS30,ManagerRegister.java
SMOS30,ServletUpdateJustify.java
SMOS30,ServletShowNoteDetails.java
SMOS30,ServletUpdateRegister.java
SMOS30,ServletDeleteJustify.java
SMOS30,ServletDeleteNote.java
SMOS30,ServletShowJustifyList.java
SMOS30,ServletShowJustifyDetails.java
SMOS30,ServletInsertNewNote.java
SMOS30,ServletInsertJustify.java
SMOS30,ServletShowRegister.java
SMOS30,ServletComputateStatistics.java
SMOS31,Absence.java
SMOS31,RegisterLine.java
SMOS31,Delay.java
SMOS31,Note.java
SMOS31,Justify.java
SMOS31,ManagerRegister.java
SMOS31,ServletUpdateJustify.java
SMOS31,ServletShowNoteDetails.java
SMOS31,ServletUpdateRegister.java
SMOS31,ServletDeleteJustify.java
SMOS31,ServletDeleteNote.java
SMOS31,ServletShowJustifyList.java
SMOS31,ServletShowJustifyDetails.java
SMOS31,ServletInsertNewNote.java
SMOS31,ServletInsertJustify.java
SMOS31,ServletShowRegister.java
SMOS31,ServletComputateStatistics.java
SMOS32,Absence.java
SMOS32,RegisterLine.java
SMOS32,Delay.java
SMOS32,Note.java
SMOS32,Justify.java
SMOS32,ManagerRegister.java
SMOS32,ServletUpdateJustify.java
SMOS32,ServletShowNoteDetails.java
SMOS32,ServletUpdateRegister.java
SMOS32,ServletDeleteJustify.java
SMOS32,ServletDeleteNote.java
SMOS32,ServletShowJustifyList.java
SMOS32,ServletShowJustifyDetails.java
SMOS32,ServletInsertNewNote.java
SMOS32,ServletInsertJustify.java
SMOS32,ServletShowRegister.java
SMOS32,ServletComputateStatistics.java
SMOS33,Absence.java
SMOS33,RegisterLine.java
SMOS33,Delay.java
SMOS33,Note.java
SMOS33,Justify.java
SMOS33,ManagerRegister.java
SMOS33,ServletUpdateJustify.java
SMOS33,ServletShowNoteDetails.java
SMOS33,ServletUpdateRegister.java
SMOS33,ServletDeleteJustify.java
SMOS33,ServletDeleteNote.java
SMOS33,ServletShowJustifyList.java
SMOS33,ServletShowJustifyDetails.java
SMOS33,ServletInsertNewNote.java
SMOS33,ServletInsertJustify.java
SMOS33,ServletShowRegister.java
SMOS33,ServletComputateStatistics.java
SMOS34,Absence.java
SMOS34,RegisterLine.java
SMOS34,Delay.java
SMOS34,Note.java
SMOS34,Justify.java
SMOS34,ManagerRegister.java
SMOS34,ServletUpdateJustify.java
SMOS34,ServletShowNoteDetails.java
SMOS34,ServletUpdateRegister.java
SMOS34,ServletDeleteJustify.java
SMOS34,ServletDeleteNote.java
SMOS34,ServletShowJustifyList.java
SMOS34,ServletShowJustifyDetails.java
SMOS34,ServletInsertNewNote.java
SMOS34,ServletInsertJustify.java
SMOS34,ServletShowRegister.java
SMOS34,ServletComputateStatistics.java
SMOS35,Absence.java
SMOS35,RegisterLine.java
SMOS35,Delay.java
SMOS35,Note.java
SMOS35,Justify.java
SMOS35,ManagerRegister.java
SMOS35,ServletUpdateJustify.java
SMOS35,ServletShowNoteDetails.java
SMOS35,ServletUpdateRegister.java
SMOS35,ServletDeleteJustify.java
SMOS35,ServletDeleteNote.java
SMOS35,ServletShowJustifyList.java
SMOS35,ServletShowJustifyDetails.java
SMOS35,ServletInsertNewNote.java
SMOS35,ServletInsertJustify.java
SMOS35,ServletShowRegister.java
SMOS35,ServletComputateStatistics.java
SMOS36,Absence.java
SMOS36,RegisterLine.java
SMOS36,Delay.java
SMOS36,Note.java
SMOS36,Justify.java
SMOS36,ManagerRegister.java
SMOS36,ServletUpdateJustify.java
SMOS36,ServletShowNoteDetails.java
SMOS36,ServletUpdateRegister.java
SMOS36,ServletDeleteJustify.java
SMOS36,ServletDeleteNote.java
SMOS36,ServletShowJustifyList.java
SMOS36,ServletShowJustifyDetails.java
SMOS36,ServletInsertNewNote.java
SMOS36,ServletInsertJustify.java
SMOS36,ServletShowRegister.java
SMOS36,ServletComputateStatistics.java
SMOS37,Absence.java
SMOS37,RegisterLine.java
SMOS37,Delay.java
SMOS37,Note.java
SMOS37,Justify.java
SMOS37,ManagerRegister.java
SMOS37,ServletUpdateJustify.java
SMOS37,ServletShowNoteDetails.java
SMOS37,ServletUpdateRegister.java
SMOS37,ServletDeleteJustify.java
SMOS37,ServletDeleteNote.java
SMOS37,ServletShowJustifyList.java
SMOS37,ServletShowJustifyDetails.java
SMOS37,ServletInsertNewNote.java
SMOS37,ServletInsertJustify.java
SMOS37,ServletShowRegister.java
SMOS37,ServletComputateStatistics.java
SMOS38,Absence.java
SMOS38,RegisterLine.java
SMOS38,Delay.java
SMOS38,Note.java
SMOS38,Justify.java
SMOS38,ManagerRegister.java
SMOS38,ServletUpdateJustify.java
SMOS38,ServletShowNoteDetails.java
SMOS38,ServletUpdateRegister.java
SMOS38,ServletDeleteJustify.java
SMOS38,ServletDeleteNote.java
SMOS38,ServletShowJustifyList.java
SMOS38,ServletShowJustifyDetails.java
SMOS38,ServletInsertNewNote.java
SMOS38,ServletInsertJustify.java
SMOS38,ServletShowRegister.java
SMOS38,ServletComputateStatistics.java
SMOS39,Absence.java
SMOS39,RegisterLine.java
SMOS39,Delay.java
SMOS39,Note.java
SMOS39,Justify.java
SMOS39,ManagerRegister.java
SMOS39,ServletUpdateJustify.java
SMOS39,ServletShowNoteDetails.java
SMOS39,ServletUpdateRegister.java
SMOS39,ServletDeleteJustify.java
SMOS39,ServletDeleteNote.java
SMOS39,ServletShowJustifyList.java
SMOS39,ServletShowJustifyDetails.java
SMOS39,ServletInsertNewNote.java
SMOS39,ServletInsertJustify.java
SMOS39,ServletShowRegister.java
SMOS39,ServletComputateStatistics.java
SMOS4,User.java
SMOS4,Role.java
SMOS4,UserListItem.java
SMOS4,managerUser.java
SMOS4,ServletLogin.java
SMOS4,ServletLogout.java
SMOS4,ServletAlterPersonalDate.java
SMOS40,Absence.java
SMOS40,RegisterLine.java
SMOS40,Delay.java
SMOS40,Note.java
SMOS40,Justify.java
SMOS40,ManagerRegister.java
SMOS40,ServletUpdateJustify.java
SMOS40,ServletShowNoteDetails.java
SMOS40,ServletUpdateRegister.java
SMOS40,ServletDeleteJustify.java
SMOS40,ServletDeleteNote.java
SMOS40,ServletShowJustifyList.java
SMOS40,ServletShowJustifyDetails.java
SMOS40,ServletInsertNewNote.java
SMOS40,ServletInsertJustify.java
SMOS40,ServletShowRegister.java
SMOS40,ServletComputateStatistics.java
SMOS41,Absence.java
SMOS41,RegisterLine.java
SMOS41,Delay.java
SMOS41,Note.java
SMOS41,Justify.java
SMOS41,ManagerRegister.java
SMOS41,ServletUpdateJustify.java
SMOS41,ServletShowNoteDetails.java
SMOS41,ServletUpdateRegister.java
SMOS41,ServletDeleteJustify.java
SMOS41,ServletDeleteNote.java
SMOS41,ServletShowJustifyList.java
SMOS41,ServletShowJustifyDetails.java
SMOS41,ServletInsertNewNote.java
SMOS41,ServletInsertJustify.java
SMOS41,ServletShowRegister.java
SMOS41,ServletComputateStatistics.java
SMOS42,Absence.java
SMOS42,RegisterLine.java
SMOS42,Delay.java
SMOS42,Note.java
SMOS42,Justify.java
SMOS42,ManagerRegister.java
SMOS42,ServletUpdateJustify.java
SMOS42,ServletShowNoteDetails.java
SMOS42,ServletUpdateRegister.java
SMOS42,ServletDeleteJustify.java
SMOS42,ServletDeleteNote.java
SMOS42,ServletShowJustifyList.java
SMOS42,ServletShowJustifyDetails.java
SMOS42,ServletInsertNewNote.java
SMOS42,ServletInsertJustify.java
SMOS42,ServletShowRegister.java
SMOS42,ServletComputateStatistics.java
SMOS43,Absence.java
SMOS43,RegisterLine.java
SMOS43,Delay.java
SMOS43,Note.java
SMOS43,Justify.java
SMOS43,ManagerRegister.java
SMOS43,ServletUpdateJustify.java
SMOS43,ServletShowNoteDetails.java
SMOS43,ServletUpdateRegister.java
SMOS43,ServletDeleteJustify.java
SMOS43,ServletDeleteNote.java
SMOS43,ServletShowJustifyList.java
SMOS43,ServletShowJustifyDetails.java
SMOS43,ServletInsertNewNote.java
SMOS43,ServletInsertJustify.java
SMOS43,ServletShowRegister.java
SMOS43,ServletComputateStatistics.java
SMOS44,Absence.java
SMOS44,RegisterLine.java
SMOS44,Delay.java
SMOS44,Note.java
SMOS44,Justify.java
SMOS44,ManagerRegister.java
SMOS44,ServletUpdateJustify.java
SMOS44,ServletShowNoteDetails.java
SMOS44,ServletUpdateRegister.java
SMOS44,ServletDeleteJustify.java
SMOS44,ServletDeleteNote.java
SMOS44,ServletShowJustifyList.java
SMOS44,ServletShowJustifyDetails.java
SMOS44,ServletInsertNewNote.java
SMOS44,ServletInsertJustify.java
SMOS44,ServletShowRegister.java
SMOS44,ServletComputateStatistics.java
SMOS45,Votes.java
SMOS45,ManagerVotes.java
SMOS45,ServletShowStudentsByClass.java
SMOS45,ServletInsertReport.java
SMOS45,ServletUpdateReport.java
SMOS45,ServletDeleteReport.java
SMOS45,ServletShowReports.java
SMOS45,ServletLoadReport.java
SMOS45,ServletLoadTeachingList.java
SMOS46,Votes.java
SMOS46,ManagerVotes.java
SMOS46,ServletShowStudentsByClass.java
SMOS46,ServletInsertReport.java
SMOS46,ServletUpdateReport.java
SMOS46,ServletDeleteReport.java
SMOS46,ServletShowReports.java
SMOS46,ServletLoadReport.java
SMOS46,ServletLoadTeachingList.java
SMOS47,Votes.java
SMOS47,ManagerVotes.java
SMOS47,ServletShowStudentsByClass.java
SMOS47,ServletInsertReport.java
SMOS47,ServletUpdateReport.java
SMOS47,ServletDeleteReport.java
SMOS47,ServletShowReports.java
SMOS47,ServletLoadReport.java
SMOS47,ServletLoadTeachingList.java
SMOS48,Votes.java
SMOS48,ManagerVotes.java
SMOS48,ServletShowStudentsByClass.java
SMOS48,ServletInsertReport.java
SMOS48,ServletUpdateReport.java
SMOS48,ServletDeleteReport.java
SMOS48,ServletShowReports.java
SMOS48,ServletLoadReport.java
SMOS48,ServletLoadTeachingList.java
SMOS49,User.java
SMOS49,Role.java
SMOS49,UserListItem.java
SMOS49,managerUser.java
SMOS49,ServletShowUserTeachingForm.java
SMOS49,ServletRemoveStudentClassroom.java
SMOS49,ServletShowTeacherTeachingFormByClass.java
SMOS49,ServletShowUserRoleForm.java
SMOS49,ServletAddTeachingAsTeacher.java
SMOS49,ServletAssignParentStudent.java
SMOS49,ServletAssignRole.java
SMOS49,ServletInsertUser.java
SMOS49,ServletRemoveTeachingAsTeacher.java
SMOS49,ServletAssignStudentClassroom.java
SMOS49,ServletDeleteUser.java
SMOS49,ServletReportTeachings.java
SMOS49,ServletUpdateUser.java
SMOS49,ServletShowUserList.java
SMOS49,ServletShowUserDetails.java
SMOS5,User.java
SMOS5,Role.java
SMOS5,UserListItem.java
SMOS5,managerUser.java
SMOS5,ServletShowUserTeachingForm.java
SMOS5,ServletRemoveStudentClassroom.java
SMOS5,ServletShowTeacherTeachingFormByClass.java
SMOS5,ServletShowUserRoleForm.java
SMOS5,ServletAddTeachingAsTeacher.java
SMOS5,ServletAssignParentStudent.java
SMOS5,ServletAssignRole.java
SMOS5,ServletInsertUser.java
SMOS5,ServletRemoveTeachingAsTeacher.java
SMOS5,ServletAssignStudentClassroom.java
SMOS5,ServletDeleteUser.java
SMOS5,ServletReportTeachings.java
SMOS5,ServletUpdateUser.java
SMOS5,ServletShowUserList.java
SMOS5,ServletShowUserDetails.java
SMOS50,User.java
SMOS50,Role.java
SMOS50,UserListItem.java
SMOS50,managerUser.java
SMOS50,ServletShowUserTeachingForm.java
SMOS50,ServletRemoveStudentClassroom.java
SMOS50,ServletShowTeacherTeachingFormByClass.java
SMOS50,ServletShowUserRoleForm.java
SMOS50,ServletAddTeachingAsTeacher.java
SMOS50,ServletAssignParentStudent.java
SMOS50,ServletAssignRole.java
SMOS50,ServletInsertUser.java
SMOS50,ServletRemoveTeachingAsTeacher.java
SMOS50,ServletAssignStudentClassroom.java
SMOS50,ServletDeleteUser.java
SMOS50,ServletReportTeachings.java
SMOS50,ServletUpdateUser.java
SMOS50,ServletShowUserList.java
SMOS50,ServletShowUserDetails.java
SMOS51,User.java
SMOS51,Role.java
SMOS51,UserListItem.java
SMOS51,managerUser.java
SMOS51,ServletShowUserTeachingForm.java
SMOS51,ServletRemoveStudentClassroom.java
SMOS51,ServletShowTeacherTeachingFormByClass.java
SMOS51,ServletShowUserRoleForm.java
SMOS51,ServletAddTeachingAsTeacher.java
SMOS51,ServletAssignParentStudent.java
SMOS51,ServletAssignRole.java
SMOS51,ServletInsertUser.java
SMOS51,ServletRemoveTeachingAsTeacher.java
SMOS51,ServletAssignStudentClassroom.java
SMOS51,ServletDeleteUser.java
SMOS51,ServletReportTeachings.java
SMOS51,ServletUpdateUser.java
SMOS51,ServletShowUserList.java
SMOS51,ServletShowUserDetails.java
SMOS52,ManagerVotes.java
SMOS52,ManagerRegister.java
SMOS52,Votes.java
SMOS52,RegisterLine.java
SMOS52,Absence.java
SMOS52,Delay.java
SMOS52,Justify.java
SMOS52,Note.java
SMOS52,ServletLoadReport.java
SMOS52,ServletShowRegister.java
SMOS53,Absence.java
SMOS53,RegisterLine.java
SMOS53,Delay.java
SMOS53,Note.java
SMOS53,Justify.java
SMOS53,ManagerRegister.java
SMOS53,ServletUpdateJustify.java
SMOS53,ServletShowNoteDetails.java
SMOS53,ServletUpdateRegister.java
SMOS53,ServletDeleteJustify.java
SMOS53,ServletDeleteNote.java
SMOS53,ServletShowJustifyList.java
SMOS53,ServletShowJustifyDetails.java
SMOS53,ServletInsertNewNote.java
SMOS53,ServletInsertJustify.java
SMOS53,ServletShowRegister.java
SMOS53,ServletComputateStatistics.java
SMOS54,Absence.java
SMOS54,RegisterLine.java
SMOS54,Delay.java
SMOS54,Note.java
SMOS54,Justify.java
SMOS54,ManagerRegister.java
SMOS54,ServletUpdateJustify.java
SMOS54,ServletShowNoteDetails.java
SMOS54,ServletUpdateRegister.java
SMOS54,ServletDeleteJustify.java
SMOS54,ServletDeleteNote.java
SMOS54,ServletShowJustifyList.java
SMOS54,ServletShowJustifyDetails.java
SMOS54,ServletInsertNewNote.java
SMOS54,ServletInsertJustify.java
SMOS54,ServletShowRegister.java
SMOS54,ServletComputateStatistics.java
SMOS55,Absence.java
SMOS55,RegisterLine.java
SMOS55,Delay.java
SMOS55,Note.java
SMOS55,Justify.java
SMOS55,ManagerRegister.java
SMOS55,ServletUpdateJustify.java
SMOS55,ServletShowNoteDetails.java
SMOS55,ServletUpdateRegister.java
SMOS55,ServletDeleteJustify.java
SMOS55,ServletDeleteNote.java
SMOS55,ServletShowJustifyList.java
SMOS55,ServletShowJustifyDetails.java
SMOS55,ServletInsertNewNote.java
SMOS55,ServletInsertJustify.java
SMOS55,ServletShowRegister.java
SMOS55,ServletComputateStatistics.java
SMOS56,ManagerVotes.java
SMOS56,ManagerRegister.java
SMOS56,Votes.java
SMOS56,RegisterLine.java
SMOS56,Absence.java
SMOS56,Delay.java
SMOS56,Justify.java
SMOS56,Note.java
SMOS56,ServletLoadReport.java
SMOS56,ServletShowRegister.java
SMOS57,ManagerVotes.java
SMOS57,ManagerRegister.java
SMOS57,Votes.java
SMOS57,RegisterLine.java
SMOS57,Absence.java
SMOS57,Delay.java
SMOS57,Justify.java
SMOS57,Note.java
SMOS57,ServletLoadReport.java
SMOS57,ServletShowRegister.java
SMOS58,Votes.java
SMOS58,ManagerVotes.java
SMOS58,ServletShowStudentsByClass.java
SMOS58,ServletInsertReport.java
SMOS58,ServletUpdateReport.java
SMOS58,ServletDeleteReport.java
SMOS58,ServletShowReports.java
SMOS58,ServletLoadReport.java
SMOS58,ServletLoadTeachingList.java
SMOS59,Votes.java
SMOS59,ManagerVotes.java
SMOS59,ServletShowStudentsByClass.java
SMOS59,ServletInsertReport.java
SMOS59,ServletUpdateReport.java
SMOS59,ServletDeleteReport.java
SMOS59,ServletShowReports.java
SMOS59,ServletLoadReport.java
SMOS59,ServletLoadTeachingList.java
SMOS6,User.java
SMOS6,Role.java
SMOS6,UserListItem.java
SMOS6,managerUser.java
SMOS6,ServletShowUserTeachingForm.java
SMOS6,ServletRemoveStudentClassroom.java
SMOS6,ServletShowTeacherTeachingFormByClass.java
SMOS6,ServletShowUserRoleForm.java
SMOS6,ServletAddTeachingAsTeacher.java
SMOS6,ServletAssignParentStudent.java
SMOS6,ServletAssignRole.java
SMOS6,ServletInsertUser.java
SMOS6,ServletRemoveTeachingAsTeacher.java
SMOS6,ServletAssignStudentClassroom.java
SMOS6,ServletDeleteUser.java
SMOS6,ServletReportTeachings.java
SMOS6,ServletUpdateUser.java
SMOS6,ServletShowUserList.java
SMOS6,ServletShowUserDetails.java
SMOS60,ManagerVotes.java
SMOS60,ManagerRegister.java
SMOS60,Votes.java
SMOS60,RegisterLine.java
SMOS60,Absence.java
SMOS60,Delay.java
SMOS60,Justify.java
SMOS60,Note.java
SMOS60,ServletLoadReport.java
SMOS60,ServletShowRegister.java
SMOS61,ManagerVotes.java
SMOS61,ManagerRegister.java
SMOS61,Votes.java
SMOS61,RegisterLine.java
SMOS61,Absence.java
SMOS61,Delay.java
SMOS61,Justify.java
SMOS61,Note.java
SMOS61,ServletLoadReport.java
SMOS61,ServletShowRegister.java
SMOS62,Votes.java
SMOS62,ManagerVotes.java
SMOS62,ServletShowStudentsByClass.java
SMOS62,ServletInsertReport.java
SMOS62,ServletUpdateReport.java
SMOS62,ServletDeleteReport.java
SMOS62,ServletShowReports.java
SMOS62,ServletLoadReport.java
SMOS62,ServletLoadTeachingList.java
SMOS63,ManagerVotes.java
SMOS63,ManagerRegister.java
SMOS63,Votes.java
SMOS63,RegisterLine.java
SMOS63,Absence.java
SMOS63,Delay.java
SMOS63,Justify.java
SMOS63,Note.java
SMOS63,ServletLoadReport.java
SMOS63,ServletShowRegister.java
SMOS64,ManagerVotes.java
SMOS64,ManagerRegister.java
SMOS64,Votes.java
SMOS64,RegisterLine.java
SMOS64,Absence.java
SMOS64,Delay.java
SMOS64,Justify.java
SMOS64,Note.java
SMOS64,ServletLoadReport.java
SMOS64,ServletShowRegister.java
SMOS65,ManagerVotes.java
SMOS65,ManagerRegister.java
SMOS65,Votes.java
SMOS65,RegisterLine.java
SMOS65,Absence.java
SMOS65,Delay.java
SMOS65,Justify.java
SMOS65,Note.java
SMOS65,ServletLoadReport.java
SMOS65,ServletShowRegister.java
SMOS66,Votes.java
SMOS66,ManagerVotes.java
SMOS66,ServletShowStudentsByClass.java
SMOS66,ServletInsertReport.java
SMOS66,ServletUpdateReport.java
SMOS66,ServletDeleteReport.java
SMOS66,ServletShowReports.java
SMOS66,ServletLoadReport.java
SMOS66,ServletLoadTeachingList.java
SMOS67,User.java
SMOS67,Role.java
SMOS67,UserListItem.java
SMOS67,managerUser.java
SMOS67,ServletShowUserTeachingForm.java
SMOS67,ServletRemoveStudentClassroom.java
SMOS67,ServletShowTeacherTeachingFormByClass.java
SMOS67,ServletShowUserRoleForm.java
SMOS67,ServletAddTeachingAsTeacher.java
SMOS67,ServletAssignParentStudent.java
SMOS67,ServletAssignRole.java
SMOS67,ServletInsertUser.java
SMOS67,ServletRemoveTeachingAsTeacher.java
SMOS67,ServletAssignStudentClassroom.java
SMOS67,ServletDeleteUser.java
SMOS67,ServletReportTeachings.java
SMOS67,ServletUpdateUser.java
SMOS67,ServletShowUserList.java
SMOS67,ServletShowUserDetails.java
SMOS7,User.java
SMOS7,Role.java
SMOS7,UserListItem.java
SMOS7,managerUser.java
SMOS7,ServletShowUserTeachingForm.java
SMOS7,ServletRemoveStudentClassroom.java
SMOS7,ServletShowTeacherTeachingFormByClass.java
SMOS7,ServletShowUserRoleForm.java
SMOS7,ServletAddTeachingAsTeacher.java
SMOS7,ServletAssignParentStudent.java
SMOS7,ServletAssignRole.java
SMOS7,ServletInsertUser.java
SMOS7,ServletRemoveTeachingAsTeacher.java
SMOS7,ServletAssignStudentClassroom.java
SMOS7,ServletDeleteUser.java
SMOS7,ServletReportTeachings.java
SMOS7,ServletUpdateUser.java
SMOS7,ServletShowUserList.java
SMOS7,ServletShowUserDetails.java
SMOS8,User.java
SMOS8,Role.java
SMOS8,UserListItem.java
SMOS8,managerUser.java
SMOS8,ServletShowUserTeachingForm.java
SMOS8,ServletRemoveStudentClassroom.java
SMOS8,ServletShowTeacherTeachingFormByClass.java
SMOS8,ServletShowUserRoleForm.java
SMOS8,ServletAddTeachingAsTeacher.java
SMOS8,ServletAssignParentStudent.java
SMOS8,ServletAssignRole.java
SMOS8,ServletInsertUser.java
SMOS8,ServletRemoveTeachingAsTeacher.java
SMOS8,ServletAssignStudentClassroom.java
SMOS8,ServletDeleteUser.java
SMOS8,ServletReportTeachings.java
SMOS8,ServletUpdateUser.java
SMOS8,ServletShowUserList.java
SMOS8,ServletShowUserDetails.java
SMOS9,User.java
SMOS9,Role.java
SMOS9,UserListItem.java
SMOS9,managerUser.java
SMOS9,ServletShowUserTeachingForm.java
SMOS9,ServletRemoveStudentClassroom.java
SMOS9,ServletShowTeacherTeachingFormByClass.java
SMOS9,ServletShowUserRoleForm.java
SMOS9,ServletAddTeachingAsTeacher.java
SMOS9,ServletAssignParentStudent.java
SMOS9,ServletAssignRole.java
SMOS9,ServletInsertUser.java
SMOS9,ServletRemoveTeachingAsTeacher.java
SMOS9,ServletAssignStudentClassroom.java
SMOS9,ServletDeleteUser.java
SMOS9,ServletReportTeachings.java
SMOS9,ServletUpdateUser.java
SMOS9,ServletShowUserList.java
SMOS9,ServletShowUserDetails.java