requirement_id,code_id
EA1.txt,AccessManager.java
EA1.txt,Access.java
EA1.txt,AdminManager.java
EA1.txt,Administrator.java
EA1.txt,DbAccess.java
EA1.txt,DbAdministrator.java
EA1.txt,DbConnection.java
EA1.txt,DbException.java
EA1.txt,CancelServlet.java
EA1.txt,LoginServlet.java
EA1.txt,ShowAccessServlet.java
EA2.txt,AccessManager.java
EA2.txt,Access.java
EA2.txt,AdminManager.java
EA2.txt,IdentityCard.java
EA2.txt,IdentityCardManager.java
EA2.txt,Citizen.java
EA2.txt,CitizenManager.java
EA2.txt,DbAccess.java
EA2.txt,DbIdentityCard.java
EA2.txt,DbCitizen.java
EA2.txt,DbMunicipality.java
EA2.txt,DbConnection.java
EA2.txt,CancelServlet.java
EA2.txt,LoginServlet.java
EA2.txt,ShowAccessAServlet.java
EA3.txt,AccessManager.java
EA3.txt,Access.java
EA3.txt,AdminManager.java
EA3.txt,DbAccess.java
EA3.txt,DbEmployee.java
EA3.txt,Employee.java
EA3.txt,EmployeeManager.java
EA3.txt,CancelServlet.java
EA3.txt,LoginServlet.java
EA3.txt,ShowAccessServlet.java
EA4.txt,AccessManager.java
EA4.txt,Access.java
EA4.txt,IdentityCard.java
EA4.txt,IdentityCardManager.java
EA4.txt,Citizen.java
EA4.txt,CitizenManager.java
EA4.txt,DbAccess.java
EA4.txt,DbIdentityCard.java
EA4.txt,DbCitizen.java
EA4.txt,DbConnection.java
EA4.txt,DbException.java
EA4.txt,DbFamilyUnit.java
EA4.txt,FamilyUnit.java
EA4.txt,FamilyUnitManager.java
EA4.txt,CancelServlet.java
EA4.txt,DeleteCitizenServlet.java
EA4.txt,EditCitizenServlet.java
EA4.txt,SearchCitizenServlet.java
EA4.txt,FamilyStatusServlet.java
EA5.txt,AccessManager.java
EA5.txt,Access.java
EA5.txt,AdminManager.java
EA5.txt,DbAccess.java
EA5.txt,DbConnection.java
EA5.txt,DbException.java
EA5.txt,DbEmployee.java
EA5.txt,Employee.java
EA5.txt,EmployeeManager.java
EA5.txt,CancelServlet.java
EA5.txt,DeleteEmployeeServlet.java
EA6.txt,AccessManager.java
EA6.txt,Access.java
EA6.txt,IdentityCard.java
EA6.txt,IdentityCardManager.java
EA6.txt,Citizen.java
EA6.txt,CitizenManager.java
EA6.txt,DbAccess.java
EA6.txt,DbIdentityCard.java
EA6.txt,DbCitizen.java
EA6.txt,DbConnection.java
EA6.txt,DbException.java
EA6.txt,DbFamilyUnit.java
EA6.txt,FamilyUnit.java
EA6.txt,FamilyUnitManager.java
EA6.txt,CancelServlet.java
EA6.txt,InsertCitizenServlet.java
EA6.txt,SearchCitizenServlet.java
EA6.txt,FamilyStatusServlet.java
EA7.txt,AccessManager.java
EA7.txt,Access.java
EA7.txt,AdminManager.java
EA7.txt,DbAccess.java
EA7.txt,DbConnection.java
EA7.txt,DbException.java
EA7.txt,DbEmployee.java
EA7.txt,Employee.java
EA7.txt,EmployeeManager.java
EA7.txt,CancelServlet.java
EA7.txt,InsertEmployeeServlet.java
EA8.txt,AccessManager.java
EA8.txt,Access.java
EA8.txt,AdminManager.java
EA8.txt,Administrator.java
EA8.txt,DbAccess.java
EA8.txt,DbAdministrator.java
EA8.txt,DbConnection.java
EA8.txt,DbException.java
EA8.txt,CancelServlet.java
EA8.txt,LogoutServlet.java
EA8.txt,ShowAccessServlet.java
EA9.txt,AccessManager.java
EA9.txt,Access.java
EA9.txt,AdminManager.java
EA9.txt,IdentityCard.java
EA9.txt,IdentityCardManager.java
EA9.txt,Citizen.java
EA9.txt,CitizenManager.java
EA9.txt,DbAccess.java
EA9.txt,DbIdentityCard.java
EA9.txt,DbCitizen.java
EA9.txt,DbMunicipality.java
EA9.txt,DbConnection.java
EA9.txt,CancelServlet.java
EA9.txt,LogoutServlet.java
EA9.txt,ShowAccessAServlet.java
EA10.txt,AccessManager.java
EA10.txt,Access.java
EA10.txt,AdminManager.java
EA10.txt,DbAccess.java
EA10.txt,DbEmployee.java
EA10.txt,Employee.java
EA10.txt,EmployeeManager.java
EA10.txt,CancelServlet.java
EA10.txt,LogoutServlet.java
EA10.txt,ShowAccessServlet.java
EA11.txt,AccessManager.java
EA11.txt,Access.java
EA11.txt,IdentityCard.java
EA11.txt,IdentityCardManager.java
EA11.txt,Citizen.java
EA11.txt,CitizenManager.java
EA11.txt,DbIdentityCard.java
EA11.txt,DbCitizen.java
EA11.txt,DbConnection.java
EA11.txt,DbException.java
EA11.txt,DbFamilyUnit.java
EA11.txt,FamilyUnit.java
EA11.txt,FamilyUnitManager.java
EA11.txt,CancelServlet.java
EA11.txt,EditCitizenServlet.java
EA11.txt,SearchCitizenServlet.java
EA11.txt,FamilyStatusServlet.java
EA12.txt,Access.java
EA12.txt,AdminManager.java
EA12.txt,Administrator.java
EA12.txt,DbAccess.java
EA12.txt,DbAdministrator.java
EA12.txt,DbConnection.java
EA12.txt,DbException.java
EA12.txt,CancelServlet.java
EA12.txt,EditAdministratorServlet.java
EA12.txt,SearchAdministratorServlet.java
EA13.txt,Access.java
EA13.txt,AdminManager.java
EA13.txt,Citizen.java
EA13.txt,CitizenManager.java
EA13.txt,DbAccess.java
EA13.txt,DbCitizen.java
EA13.txt,DbConnection.java
EA13.txt,DbException.java
EA13.txt,CancelServlet.java
EA13.txt,EditCitizenServlet.java
EA13.txt,SearchCitizenServlet.java
EA14.txt,AccessManager.java
EA14.txt,Access.java
EA14.txt,DbAccess.java
EA14.txt,DbConnection.java
EA14.txt,DbException.java
EA14.txt,DbEmployee.java
EA14.txt,Employee.java
EA14.txt,EmployeeManager.java
EA14.txt,CancelServlet.java
EA14.txt,EditEmployeeServlet.java
EA14.txt,SearchEmployeeServlet.java
EA15.txt,AccessManager.java
EA15.txt,Access.java
EA15.txt,DbAccess.java
EA15.txt,DbConnection.java
EA15.txt,DbException.java
EA15.txt,DbEmployee.java
EA15.txt,Employee.java
EA15.txt,EmployeeManager.java
EA15.txt,CancelServlet.java
EA15.txt,EditEmployeeServlet.java
EA15.txt,SearchEmployeeServlet.java
EA16.txt,Access.java
EA16.txt,AdminManager.java
EA16.txt,Administrator.java
EA16.txt,DbAccess.java
EA16.txt,DbAdministrator.java
EA16.txt,DbConnection.java
EA16.txt,DbException.java
EA16.txt,CancelServlet.java
EA16.txt,EditAccessServlet.java
EA16.txt,EditAdministratorServlet.java
EA16.txt,PasswordRecoveryServlet.java
EA16.txt,SearchAdministratorServlet.java
EA17.txt,AccessManager.java
EA17.txt,Access.java
EA17.txt,Citizen.java
EA17.txt,CitizenManager.java
EA17.txt,DbAccess.java
EA17.txt,DbCitizen.java
EA17.txt,DbConnection.java
EA17.txt,DbException.java
EA17.txt,CancelServlet.java
EA17.txt,EditAccessServlet.java
EA17.txt,EditCitizenServlet.java
EA17.txt,PasswordRecoveryServlet.java
EA18.txt,AccessManager.java
EA18.txt,Access.java
EA18.txt,DbAccess.java
EA18.txt,DbConnection.java
EA18.txt,DbException.java
EA18.txt,DbEmployee.java
EA18.txt,Employee.java
EA18.txt,EmployeeManager.java
EA18.txt,CancelServlet.java
EA18.txt,EditAccessServlet.java
EA18.txt,SearchEmployeeServlet.java
EA19.txt,AccessManager.java
EA19.txt,Access.java
EA19.txt,IdentityCard.java
EA19.txt,IdentityCardManager.java
EA19.txt,Citizen.java
EA19.txt,CitizenManager.java
EA19.txt,DbAccess.java
EA19.txt,DbIdentityCard.java
EA19.txt,DbCitizen.java
EA19.txt,DbConnection.java
EA19.txt,DbException.java
EA19.txt,CancelServlet.java
EA19.txt,PasswordRecoveryServlet.java
EA19.txt,SearchCitizenServlet.java
EA20.txt,Access.java
EA20.txt,AdminManager.java
EA20.txt,Administrator.java
EA20.txt,DbAccess.java
EA20.txt,DbAdministrator.java
EA20.txt,DbConnection.java
EA20.txt,DbException.java
EA20.txt,CancelServlet.java
EA20.txt,PasswordRecoveryServlet.java
EA21.txt,AccessManager.java
EA21.txt,Access.java
EA21.txt,IdentityCard.java
EA21.txt,IdentityCardManager.java
EA21.txt,Citizen.java
EA21.txt,CitizenManager.java
EA21.txt,DbAccess.java
EA21.txt,DbIdentityCard.java
EA21.txt,DbCitizen.java
EA21.txt,DbConnection.java
EA21.txt,DbException.java
EA21.txt,DbFamilyUnit.java
EA21.txt,FamilyUnit.java
EA21.txt,FamilyUnitManager.java
EA21.txt,CancelServlet.java
EA21.txt,RegisterCitizenServlet.java
EA21.txt,SearchCitizenServlet.java
EA22.txt,AccessManager.java
EA22.txt,Access.java
EA22.txt,IdentityCard.java
EA22.txt,IdentityCardManager.java
EA22.txt,Citizen.java
EA22.txt,CitizenManager.java
EA22.txt,DbAccess.java
EA22.txt,DbIdentityCard.java
EA22.txt,DbCitizen.java
EA22.txt,DbConnection.java
EA22.txt,DbException.java
EA22.txt,DbFamilyUnit.java
EA22.txt,FamilyUnit.java
EA22.txt,FamilyUnitManager.java
EA22.txt,CancelServlet.java
EA22.txt,SearchCitizenServlet.java
EA23.txt,DbConnection.java
EA23.txt,DbException.java
EA23.txt,DbEmployee.java
EA23.txt,Employee.java
EA23.txt,EmployeeManager.java
EA23.txt,SearchEmployeeServlet.java
EA24.txt,IdentityCard.java
EA24.txt,IdentityCardManager.java
EA24.txt,Citizen.java
EA24.txt,CitizenManager.java
EA24.txt,Municipality.java
EA24.txt,FilesController.java
EA24.txt,DbResidenceChange.java
EA24.txt,DbIdentityCard.java
EA24.txt,DbCitizen.java
EA24.txt,DbMunicipality.java
EA24.txt,DbConnection.java
EA24.txt,DbException.java
EA24.txt,DbFamilyUnit.java
EA24.txt,DbRequest.java
EA24.txt,FamilyUnit.java
EA24.txt,FamilyUnitManager.java
EA24.txt,Request.java
EA24.txt,CancelServlet.java
EA24.txt,LoadCaseServlet.java
EA24.txt,CreateResidenceChangePdfServlet.java
EA24.txt,CreateCitizenPdfServlet.java
EA24.txt,EditCitizenServlet.java
EA24.txt,EditResidenceServlet.java
EA24.txt,SearchCaseServlet.java
EA24.txt,ResponseServlet.java
EA24.txt,FamilyStatusServlet.java
EA24.txt,ViewCasesServlet.java
EA25.txt,IdentityCard.java
EA25.txt,IdentityCardManager.java
EA25.txt,Citizen.java
EA25.txt,CitizenManager.java
EA25.txt,Municipality.java
EA25.txt,FilesController.java
EA25.txt,DbResidenceChange.java
EA25.txt,DbIdentityCard.java
EA25.txt,DbCitizen.java
EA25.txt,DbMunicipality.java
EA25.txt,DbConnection.java
EA25.txt,DbException.java
EA25.txt,DbFamilyUnit.java
EA25.txt,DbRequest.java
EA25.txt,FamilyUnit.java
EA25.txt,FamilyUnitManager.java
EA25.txt,Request.java
EA25.txt,CancelServlet.java
EA25.txt,LoadCaseServlet.java
EA25.txt,CreateResidenceChangePdfServlet.java
EA25.txt,CreateCitizenPdfServlet.java
EA25.txt,EditCitizenServlet.java
EA25.txt,EditResidenceServlet.java
EA25.txt,SearchCaseServlet.java
EA25.txt,ResponseServlet.java
EA25.txt,FamilyStatusServlet.java
EA25.txt,ViewCasesServlet.java
EA26.txt,IdentityCard.java
EA26.txt,IdentityCardManager.java
EA26.txt,Citizen.java
EA26.txt,CitizenManager.java
EA26.txt,FilesController.java
EA26.txt,DbIdentityCard.java
EA26.txt,DbCitizen.java
EA26.txt,DbMunicipality.java
EA26.txt,DbConnection.java
EA26.txt,DbException.java
EA26.txt,DbFamilyUnit.java
EA26.txt,DbRequest.java
EA26.txt,FamilyUnit.java
EA26.txt,FamilyUnitManager.java
EA26.txt,Request.java
EA26.txt,CancelServlet.java
EA26.txt,LoadCaseServlet.java
EA26.txt,CreateCitizenPdfServlet.java
EA26.txt,SearchCaseServlet.java
EA26.txt,ResponseServlet.java
EA26.txt,FamilyStatusServlet.java
EA26.txt,ViewCasesServlet.java
EA27.txt,IdentityCard.java
EA27.txt,IdentityCardManager.java
EA27.txt,Citizen.java
EA27.txt,CitizenManager.java
EA27.txt,DbIdentityCard.java
EA27.txt,DbCitizen.java
EA27.txt,DbMunicipality.java
EA27.txt,DbConnection.java
EA27.txt,DbException.java
EA27.txt,DbRequest.java
EA27.txt,Request.java
EA27.txt,CancelServlet.java
EA27.txt,ViewCasesServlet.java
EA28.txt,IdentityCard.java
EA28.txt,IdentityCardManager.java
EA28.txt,Citizen.java
EA28.txt,CitizenManager.java
EA28.txt,DbIdentityCard.java
EA28.txt,DbCitizen.java
EA28.txt,DbMunicipality.java
EA28.txt,DbConnection.java
EA28.txt,DbException.java
EA28.txt,DbRequest.java
EA28.txt,Request.java
EA28.txt,CancelServlet.java
EA28.txt,ViewCasesServlet.java
EA29.txt,IdentityCard.java
EA29.txt,IdentityCardManager.java
EA29.txt,Citizen.java
EA29.txt,CitizenManager.java
EA29.txt,DbIdentityCard.java
EA29.txt,DbCitizen.java
EA29.txt,DbMunicipality.java
EA29.txt,DbConnection.java
EA29.txt,DbException.java
EA29.txt,DbRequest.java
EA29.txt,Request.java
EA29.txt,CancelServlet.java
EA29.txt,ViewCasesServlet.java
EA30.txt,IdentityCard.java
EA30.txt,IdentityCardManager.java
EA30.txt,Citizen.java
EA30.txt,CitizenManager.java
EA30.txt,DbIdentityCard.java
EA30.txt,DbCitizen.java
EA30.txt,DbConnection.java
EA30.txt,DbException.java
EA30.txt,DbFamilyUnit.java
EA30.txt,DbRequest.java
EA30.txt,FamilyUnit.java
EA30.txt,FamilyUnitManager.java
EA30.txt,Request.java
EA30.txt,CancelServlet.java
EA30.txt,ResponseServlet.java
EA31.txt,IdentityCard.java
EA31.txt,IdentityCardManager.java
EA31.txt,Citizen.java
EA31.txt,CitizenManager.java
EA31.txt,DbIdentityCard.java
EA31.txt,DbCitizen.java
EA31.txt,DbConnection.java
EA31.txt,DbException.java
EA31.txt,DbFamilyUnit.java
EA31.txt,DbRequest.java
EA31.txt,FamilyUnit.java
EA31.txt,FamilyUnitManager.java
EA31.txt,Request.java
EA31.txt,CancelServlet.java
EA31.txt,SearchCaseServlet.java
EA31.txt,ResponseServlet.java
EA32.txt,IdentityCard.java
EA32.txt,IdentityCardManager.java
EA32.txt,Citizen.java
EA32.txt,CitizenManager.java
EA32.txt,DbIdentityCard.java
EA32.txt,DbCitizen.java
EA32.txt,DbConnection.java
EA32.txt,DbException.java
EA32.txt,DbFamilyUnit.java
EA32.txt,DbRequest.java
EA32.txt,FamilyUnit.java
EA32.txt,FamilyUnitManager.java
EA32.txt,Request.java
EA32.txt,CancelServlet.java
EA32.txt,SearchCaseServlet.java
EA32.txt,ResponseServlet.java
EA33.txt,FilesController.java
EA33.txt,CancelServlet.java
EA33.txt,CreateCertificatesPdfServlet.java
EA34.txt,FilesController.java
EA34.txt,CancelServlet.java
EA34.txt,CreateCertificatesPdfServlet.java
EA36.txt,IdentityCard.java
EA36.txt,IdentityCardManager.java
EA36.txt,Citizen.java
EA36.txt,CitizenManager.java
EA36.txt,DbIdentityCard.java
EA36.txt,DbCitizen.java
EA36.txt,DbConnection.java
EA36.txt,DbException.java
EA36.txt,DbFamilyUnit.java
EA36.txt,FamilyUnit.java
EA36.txt,FamilyUnitManager.java
EA36.txt,CancelServlet.java
EA36.txt,FamilyStatusServlet.java
EA37.txt,IdentityCard.java
EA37.txt,IdentityCardManager.java
EA37.txt,Citizen.java
EA37.txt,CitizenManager.java
EA37.txt,DbIdentityCard.java
EA37.txt,DbCitizen.java
EA37.txt,DbConnection.java
EA37.txt,DbException.java
EA37.txt,DbFamilyUnit.java
EA37.txt,DbRequest.java
EA37.txt,FamilyUnit.java
EA37.txt,FamilyUnitManager.java
EA37.txt,Request.java
EA37.txt,CancelServlet.java
EA37.txt,ResponseServlet.java
EA38.txt,IdentityCard.java
EA38.txt,IdentityCardManager.java
EA38.txt,Citizen.java
EA38.txt,CitizenManager.java
EA38.txt,DbIdentityCard.java
EA38.txt,DbCitizen.java
EA38.txt,DbConnection.java
EA38.txt,DbException.java
EA38.txt,DbFamilyUnit.java
EA38.txt,DbRequest.java
EA38.txt,FamilyUnit.java
EA38.txt,FamilyUnitManager.java
EA38.txt,Request.java
EA38.txt,CancelServlet.java
EA38.txt,ResponseServlet.java
EA41.txt,IdentityCard.java
EA41.txt,IdentityCardManager.java
EA41.txt,Citizen.java
EA41.txt,CitizenManager.java
EA41.txt,DbIdentityCard.java
EA41.txt,DbCitizen.java
EA41.txt,DbConnection.java
EA41.txt,DbException.java
EA41.txt,DbRequest.java
EA41.txt,Request.java
EA41.txt,CancelServlet.java
EA41.txt,SearchCaseServlet.java
EA41.txt,ViewCasesServlet.java
EA138.txt,AccessManager.java
EA138.txt,Access.java
EA138.txt,AdminManager.java
EA138.txt,Administrator.java
EA138.txt,IdentityCard.java
EA138.txt,IdentityCardManager.java
EA138.txt,Citizen.java
EA138.txt,CitizenManager.java
EA138.txt,Municipality.java
EA138.txt,FilesController.java
EA138.txt,DbAccess.java
EA138.txt,DbAdministrator.java
EA138.txt,DbResidenceChange.java
EA138.txt,DbIdentityCard.java
EA138.txt,DbCitizen.java
EA138.txt,DbMunicipality.java
EA138.txt,DbConnection.java
EA138.txt,DbException.java
EA138.txt,DbEmployee.java
EA138.txt,DbFamilyUnit.java
EA138.txt,DbRequest.java
EA138.txt,Employee.java
EA138.txt,EmployeeManager.java
EA138.txt,FamilyUnit.java
EA138.txt,FamilyUnitManager.java
EA138.txt,Request.java
EA138.txt,CancelServlet.java
EA138.txt,LoadCaseServlet.java
EA138.txt,CreateResidenceChangePdfServlet.java
EA138.txt,CreateCertificatesPdfServlet.java
EA138.txt,CreateCitizenPdfServlet.java
EA138.txt,DeleteAdministratorServlet.java
EA138.txt,DeleteCitizenServlet.java
EA138.txt,DeleteEmployeeServlet.java
EA138.txt,InsertAdministratorServlet.java
EA138.txt,InsertCitizenServlet.java
EA138.txt,InsertEmployeeServlet.java
EA138.txt,LoginServlet.java
EA138.txt,LogoutServlet.java
EA138.txt,EditAccessServlet.java
EA138.txt,EditAdministratorServlet.java
EA138.txt,EditCitizenServlet.java
EA138.txt,EditEmployeeServlet.java
EA138.txt,EditResidenceServlet.java
EA138.txt,ShowAccessServlet.java
EA138.txt,ShowAccessAServlet.java
EA138.txt,PasswordRecoveryServlet.java
EA138.txt,RegisterCitizenServlet.java
EA138.txt,SearchAdministratorServlet.java
EA138.txt,SearchCitizenServlet.java
EA138.txt,SearchEmployeeServlet.java
EA138.txt,SearchCaseServlet.java
EA138.txt,ResponseServlet.java
EA138.txt,FamilyStatusServlet.java
EA138.txt,ViewCasesServlet.java
